Repetitions number,15
Time unit,millisecond
Algorithm\Instance size,10,11,12,13,14,15,16,17,18,21,24,26,29,34,36,39,45
B&B (Little; NN; G),1166.51,79.0346,5.73369,0.916566,0.925624,1.79598,8.09937,113655,6.8565,18.2835,402.563,1047.55,2016.22,9172.81,1751.56,4581.22,17483.7
